Noticia,Tema
"Buenas noticias, ya no tienes que elegir modelo utilizando GPT-5. Malas noticias, es GPT-5 quien lo elige sin avisarte",IA
Por qué EE.UU. ofrece por Nicolás Maduro una recompensa superior a la que dio para capturar a Osama Bin Laden,Mundo
Sheinbaum dice que militares de EE.UU. no entrarán en México tras reporte de que Trump ordenó al ejército actuar contra los carteles extranjeros,Politica
El hombre desaparecido hace 28 años cuyo cuerpo apareció en un glaciar que se está derritiendo,Sociedad
"La industria se ha empeñado en acuñar los ""ultraprocesados saludables"". La ciencia tiene claro lo que hay detrás",Medicina y Salud
"Machu Picchu existe desde hace 600 años y fue el gran tesoro de Perú, pero este templo que descubrieron es 3,500 años más antiguo",Arqueologia
Trump ordena al ejército de EE UU combatir a los carteles de la droga en el extranjero,Politica
México mandará alerta por simulacro: 80 millones de celulares recibirán un mensaje aunque no tengan saldo ni internet,Noticias
Samsung ha encontrado la fórmula para que Apple dependa de ellos: Texas,Componentes
¡Misterio resuelto! La NASA finalmente explica qué es el terreno de cuchillas que encontró en Plutón,Ciencia y Salud
Las reclamaciones ante el Banco de España alcanzan su máximo histórico por los fallos judiciales sobre los gastos hipotecarios,Economia
"Plants vs. Zombies Replanted habría visto filtrada su fecha, plataformas y más detalles",Videojuegos
"Fin de soporte Windows 10: cuándo es, qué implica que Windows 10 muera y cómo actualizar gratis a Windows 11",Tecnología 
Me debato entre una Nintendo Switch 2 y una consola tipo Steam Deck: esta es la que yo elegiría tras probar ambas,Videojuegos
Benjamin Sesko jugará en Manchester United tras llegar a acuerdo con RB Leipzig,Deportes
"Isla Santa Rosa, el foco del conflicto entre Perú y Colombia",Mundo
"Si al cargar tu celular conectas el cable al cargador antes que al teléfono, puede tener un problema",tecnología 
"Intel, en el fuego cruzado: Trump exige la renuncia de su CEO por la relación de la empresa con China",Politico
Nokia 2.3 llega a México: ya tenemos el precio del hermano pequeño que presume de batería y doble cámara,tecnología
Hay nueva Xbox en el horizonte. Microsoft confirma que trabaja en hardware de nueva generación y deja un adelanto clave,Videojuegos
Condenan a Tesla a pagar más de US$200 millones por una falla del piloto automático que causó una muerte,Tecnología 
La esquina más popular de la ciudad es la del Chilaquil por sus tortas únicas,Guía Gastronómica Mexicana
Hoy en Netflix: tuvimos que esperar 24 años para la secuela de una de las películas de acción más icónicas de la historia; 148 minutos de espectáculo puro,Cine y TV
HBO Max endurecerá política de cuentas compartidas,Tecnología
"Los nominados al Balón de Oro 2025: Lamine Yamal, Vinícius, Mbappé, Dembélé, entre los candidatos",Deportes
Por qué EE.UU. ofrece por Nicolás Maduro una recompensa superior a la que dio para capturar a Osama Bin Laden,Politica
Las lecciones que aprendió el hombre que vivió durante un año solo con su gato en una remota isla de la Patagonia chilena,Salud
The Batman: Parte II comenzará a rodarse en la primavera de 2026,Cine
Dan permiso a Netanyahu para arrasar Gaza,Internacional
Bill Gates lleva años usando una potente herramienta para la creatividad y la innovación: la soledad,Medicina y Salud
"Olvidarte de cosas no es un bug, es una feature de tu cerebro: cómo no recordar cosas nos hace pensar mejor",Medicina y Salud
El creciente número de países que establecen impuestos al turismo para combatir el cambio climático,Ciencia
Llevamos toda la vida recogiendo conchas en la playa. Es una pésima idea para el ecosistema y tu bolsillo,Magnet
Toto Wolff asegura que el futuro de George Russell está con Mercedes,Deportes
Ariana Grande Sends a ‘Wicked’ Care Package to Young Fan Battling Cancer: ‘I Hope It Makes You Smile’,Musica
Estudiantes de la UPT exigen sanciones a funcionarios y mejoras en infraestructura,Local
MrBeast trae ‘Los juegos del hambre’ al mundo real: el millonario premio y más detalles de su proyecto,Entretenimiento
Todos los veranos los incendios asolan a España. Hay un culpable habitual que pasa desapercibido: tractores viejos,Ecología y naturaleza
"Qué es el fluoruro de estaño, cuáles son sus efectos y qué tiene que ver con el retiro de la pasta Colgate Total Clean Mint",Cuidado dental
El director de Spider-Man convirtió un cuento infantil en una épica película de acción y fantasía: nadie la recuerda hoy en día,Cine
"La trágica muerte del ""Pirata de Culiacán"", el youtuber de 17 años de México que insultó al peligroso narcotraficante ""El Mencho""",América Latina
Impresión 3D para los muy cafeteros: los posos de café como material biodegradable,Tecnologia 
Los juegos del hambre: Amanecer en la cosecha arranca su rodaje y muestra un adelanto de la nueva arena de combate,Entretenimiento
"Muchos creen que GTA 6 costará 100 dólares, pero Rockstar solo tiene algo claro: ""ofrecemos más de lo que cobramos""",videojuegos
En 1999 Steve Jobs presentó un emulador de PlayStation para Mac y Sony respondió con una demanda,videojuegos
"Call of Duty gratis para todos los que tengan Xbox. Modern Warfare 2 y 3 se pueden descargar, hasta que descubres la triste realidad",videojuegos
De la gloria al adiós: Chicharito se queda sin equipo,Deportes
El Samsung Galaxy Z Fold7 está más cerca que nunca de ser el plegable definitivo. Y eso tiene un precio a pagar,Moviles
"Japón pierde casi 1 millón de habitantes en un año, el mayor descenso de población en más de medio siglo",Economia
"Seguridad ""gravemente defectuosa"": qué revela la investigación sobre la tragedia del Titán, el sumergible que implosionó en el océano con 5 personas a bordo",Ciencia
"El ""efecto umbral"": ¿por qué se nos olvida lo que íbamos a hacer al cambiar de habitación?",Salud
¿Es realmente la Coca-Cola mexicana más saludable que la de EE.UU.?,Salud
"Más allá del coche: trucos de Google Maps para peatones, ciclistas y usuarios de transporte público",Tecnología
¿Podríamos controlar a una inteligencia artificial que fuese consciente?,Tecnología
¿Quién va ganando la carrera de la IA generativa?,Tecnología
La prueba de fuego de Sam Altman es la de intentar convertir a GPT-5 en la 'App Store' de la IA,Robótica e IA
Nuestros gestores de contraseñas sirven para mucho más que contraseñas. Así puedes sacarles el máximo partido,Seguridad
"Samsung Galaxy Z Flip7, análisis: la pantalla externa es la gran protagonista en un plegable que ya pide un salto hacia delante",Análisis
"""Salí del closet porque no podía más"": el basquetbolista gay que se proclamó campeón de Argentina con su equipo y lo celebró con la bandera arcoíris",Deportes
EE.UU. aumenta a US$50 millones su recompensa por Nicolás Maduro,Politica Internacional
EA SPORTS FC 26 pone fecha a su primer tráiler y desvela la portada de la Ultimate Edition con una leyenda del fútbol,Videojuegos
El dispositivo del tamaño de un bolígrafo creado por adolescentes para filtrar microplásticos del agua que sorprendió al mundo,Investigacion 
Rayados de Monterrey busca el fichaje bomba de Antoine Griezmann,Deportes
Allan Saint-Maximin viaja a México para unirse al Club América,Deportes 
"Los 12 análisis de Xataka en julio: todos los plegables de Samsung, el aire acondicionado de Xiaomi, Nothing Phone (3) y más",Análisis
OpenAI acaba de patear el tablero de la IA. Su nuevo modelo es gratuito y se puede descargar para usarlo desde el portátil,Robótica e IA
"Mientras Spider-Verse 3 se sigue retrasando, Sony prepara una película en solitario del Spider-Man más inesperado",Cine y TV 
Kevin Mier comete otro garrafal error; el portero de Cruz Azul falló de nuevo en la Leagues Cup,Deportes
El Real Madrid tendrá a un mexicano en el primer equipo,Deportes
El gobierno de Netanyahu aprueba el plan para tomar el control de la Ciudad de Gaza pese a la oposición de las familias de los rehenes israelíes y de mandos militares,politica
Operación Caballo de Troya; agentes migratorios detienen a 16 en redada de Los Ángeles,Migración
Detiene a ‘El Vampiro’ presunto integrante de ‘La Barredora’ en Tabasco,Seguridad
"Cae implicado en asesinato de delegado de la FGR en Tamaulipas; es presunto integrante de ""Los Metros""",Seguridad
4 claves para entender el controvertido plan de Israel para controlar Gaza y qué significa esto en el terreno,politica
Sheinbaum dice que militares de EE.UU. no entrarán en México tras reporte de que Trump ordenó al ejército actuar contra los carteles extranjeros,politica
Leagues Cup 2025; conoce a los calificados a cuartos de final del torneo entre la Liga MX y MLS,Deportes
Recuperar la soberanía energética no cierra la puerta a la inversión”: Luz Elena González,Politica
"Implicados en muerte del niño Fernando, asesinado por deuda de mil pesos, enfrentan su primera audiencia; son acusados de la desaparición del menor",Seguridad
"""Plan México, viento en popa""; Sheinbaum anuncia inversión de 12 mmdp de empresas farmacéuticas",Politica
G20 se compromete a acelerar la transición energética para 2030 en su cumbre anual,Política
Jornada histórica: la selección femenina de fútbol logra su primera victoria en la Copa del Mundo,Deportes
"""El gobierno de AMLO impulsa reforma a la Ley de Telecomunicaciones para reducir costos de Internet",Política